Date,ADA-USD,BNB-USD,CSSPX.MI,CSSX5E.MI,EMRG.PA,ETH-USD,HEAL.MI,IBCN.DE,IBTM.MI,IEMB.MI,INRG.MI,IPRP.AS,IQQC.DE,IS3S.DE,ISPA.DE,PHPM.MI,SOL-USD,SXRG.DE,VOLT.MI,VVSM.DE,YODA.MI
2021-02-11,2543.81,1307.92,9143.12,9604.82,8947.82,43273.34,3799.47,2099.76,1785.5,9456.63,6342.5,5054.4,10169.6,5595.15,7117.2,3858.6,213.16,9167.8,1216.5,3751.6,
2021-02-12,2535.75,1438.23,9160.48,9672.76,8943.48,44684.5,3808.9,2098.32,1781.4,9426.33,6174.8,5050.5,10168.0,5619.9,7138.8,3863.7,213.71,9172.4,1217.1,3851.2,
2021-02-15,2360.67,1361.78,9227.96,9765.98,9027.06,43173.0,3825.71,2095.8,1771.9,9413.2,6239.3,5062.2,10233.6,5705.7,7233.3,3883.2,204.96,9239.1,1225.05,3886.4,
2021-02-16,2385.93,1365.78,9198.28,9748.6,8971.62,43167.98,3766.67,2095.2,1769.7,9340.48,6168.78,5011.5,10187.2,5677.65,7229.25,3863.4,191.76,9168.95,1228.5,3863.6,
2021-02-17,2448.65,1734.95,9188.48,9677.5,8979.18,44948.47,3690.82,2094.72,1780.6,9372.8,5955.5,5000.45,10337.6,5636.4,7242.75,3835.5,190.65,9047.05,1218.15,3758.8,
2021-02-18,2521.69,2071.95,9139.48,9636.42,8821.54,47286.37,3665.81,2092.08,1774.3,9360.68,5719.0,4965.35,10014.4,5606.7,7182.0,3814.8,208.99,8963.1,1183.95,3729.6,
2021-02-19,2549.72,3504.58,9165.24,9720.16,8919.82,47667.12,3682.21,2092.56,1759.5,9294.02,5854.02,4933.5,10169.6,5692.5,7217.1,3826.5,265.85,9097.65,1203.9,3856.0,
2021-02-22,3012.52,2810.58,9051.56,9690.14,8661.38,43211.21,3589.14,2094.0,1755.9,9211.2,5516.04,4947.15,9817.6,5690.85,7283.25,3849.3,334.21,9075.8,1185.6,3749.6,
2021-02-23,2607.94,2418.87,8993.04,9660.12,8588.86,37949.02,3478.44,2092.2,1754.1,9196.05,5264.92,4985.5,9700.8,5680.95,7304.85,3805.2,350.31,8911.35,1150.5,3633.6,
2021-02-24,2876.24,2666.75,9104.76,9701.2,8559.32,39358.83,3556.75,2091.48,1753.3,9208.17,5362.1,4965.35,9512.0,5728.8,7418.25,3862.2,399.21,9162.05,1159.2,3660.0,
2021-02-25,2946.67,2448.23,9006.48,9639.58,8500.1,35651.71,3485.0,2086.32,1729.0,9059.7,5292.44,4969.25,9488.0,5745.3,7388.55,3836.1,318.26,9027.5,1140.6,3688.4,
2021-02-26,3392.06,2322.55,8997.24,9514.76,8335.04,34966.38,3440.31,2088.12,1738.1,9109.19,5301.04,4932.85,9294.4,5613.3,7290.0,3701.7,313.29,8950.45,1121.25,3647.2,
2021-03-01,3552.92,2683.4,9153.76,9698.04,8569.12,38057.79,3531.74,2093.34,1754.6,9245.54,5503.14,5023.2,9505.6,5720.55,7431.75,3769.2,346.84,9189.65,1160.85,3721.6,
2021-03-02,3380.02,2532.25,9094.4,9698.04,8452.22,36420.02,3505.09,2094.36,1754.5,9209.18,5349.2,4997.2,9369.6,5680.95,7376.4,3738.3,324.76,9083.85,1151.1,3676.0,
2021-03-03,3345.69,2541.59,9062.2,9723.32,8511.02,38341.85,3441.13,2091.36,1745.6,9156.66,5119.58,4966.0,9515.2,5732.1,7460.1,3733.8,327.47,9106.85,1148.25,3623.6,
2021-03-04,3074.8,2431.09,8991.36,9698.04,8439.76,37624.45,3337.81,2092.08,1750.3,9148.58,4870.18,5021.9,9313.6,5694.15,7468.2,3735.6,304.74,8914.8,1107.45,3455.2,
2021-03-05,3245.11,2409.9,8902.88,9606.4,8322.44,37672.89,3223.83,2091.72,1758.5,9161.71,4486.62,4937.4,9222.4,5629.8,7449.3,3706.8,295.43,8702.05,1076.4,3294.0,
2021-03-08,3115.91,2567.4,9241.12,9848.14,8314.32,45238.8,3344.37,2091.12,1761.5,9143.53,4763.54,5036.2,9150.4,5798.1,7668.0,3702.3,319.79,9211.5,1094.25,3394.4,
2021-03-09,3351.57,3154.71,9271.08,9917.66,8411.48,46347.68,3364.05,2092.56,1762.9,9150.6,4992.3,5017.35,9288.0,5819.55,7649.1,3743.1,351.21,9281.65,1105.95,3448.4,
2021-03-10,3170.52,2991.42,9291.24,10009.3,8367.52,44465.33,3383.73,2093.28,1763.7,9183.93,5043.04,5057.65,9182.4,5847.6,7642.35,3750.3,335.35,9362.15,1108.95,3469.6,
2021-03-11,3134.57,3095.81,9358.16,10077.24,8582.28,45026.79,3407.51,2095.32,1756.2,9188.98,5252.88,5103.15,9417.6,5910.3,7681.5,3781.5,375.97,9478.3,1132.35,3549.6,
2021-03-12,2881.39,2802.83,9311.12,10040.9,8444.8,43474.22,3395.62,2093.4,1746.9,9128.38,5218.48,5081.05,9150.4,5907.0,7693.65,3759.6,340.4,9530.05,1134.3,3465.2,
2021-03-15,2874.5,2715.07,9359.84,10020.36,8456.7,44087.83,3422.68,2095.8,1750.9,9171.81,5203.86,5082.35,9156.8,5935.05,7676.1,3796.2,332.85,9610.55,1140.75,3530.0,
2021-03-16,3463.95,2757.34,9448.6,10086.72,8549.8,44553.89,3451.38,2095.56,1756.4,9238.47,5196.12,5164.9,9308.8,5981.25,7707.15,3866.7,320.27,9573.75,1130.25,3643.2,
2021-03-17,3849.97,2888.75,9393.72,10086.72,8443.68,45051.32,3406.69,2093.16,1747.2,9179.89,4871.04,5118.1,9193.6,5976.3,7695.0,3855.0,334.99,9480.6,1123.05,3592.8,
2021-03-18,3436.52,2782.54,9409.96,10137.28,8472.24,43750.07,3411.2,2093.76,1735.0,9186.96,4824.6,5076.5,9272.0,6055.5,7782.75,3943.2,332.95,9587.55,1128.0,3585.6,
2021-03-19,3631.27,2822.76,9332.68,10047.22,8473.92,44844.86,3394.39,2095.08,1742.3,9219.28,4834.92,5122.0,9184.0,6006.0,7686.9,3927.3,334.16,9462.2,1111.35,3550.0,
2021-03-22,3104.18,2743.64,9360.96,10045.64,8454.18,41852.34,3441.54,2095.8,1740.6,9207.16,4914.04,5081.7,9195.2,6017.55,7646.4,3884.1,352.01,9315.0,1114.35,3654.4,
2021-03-23,3123.72,2729.92,9409.96,10042.48,8403.22,41364.73,3404.23,2097.48,1757.3,9261.7,4920.06,5135.0,9048.0,5928.45,7618.05,3891.9,333.75,9228.75,1094.55,3574.0,
2021-03-24,3017.54,2688.5,9422.28,10039.32,8261.82,39572.19,3343.14,2098.14,1762.5,9286.95,4800.52,5139.55,8835.2,5888.85,7619.4,3912.9,323.5,9188.5,1083.75,3565.6,
2021-03-25,3099.23,2533.26,9367.12,10033.0,8256.64,39711.52,3322.64,2098.86,1775.5,9301.09,4654.32,5065.45,8803.2,5880.6,7655.85,3907.2,309.14,9121.8,1078.2,3487.2,
2021-03-26,3426.02,2759.85,9466.8,10134.12,8315.72,42518.16,3336.17,2097.72,1766.9,9295.03,4771.28,5104.45,8899.2,5953.2,7720.65,3942.9,351.86,9325.35,1106.1,3607.2,
2021-03-29,3395.39,2978.83,9525.32,10191.0,8380.54,45457.27,3298.86,2096.1,1764.5,9281.9,4708.5,5072.6,8966.4,5935.05,7754.4,3843.9,449.1,9193.1,1105.95,3608.0,
2021-03-30,3439.67,3384.4,9573.2,10303.18,8470.14,46301.95,3346.01,2093.22,1764.4,9293.01,4894.26,5118.75,9068.8,5941.65,7804.35,3846.6,459.98,9296.6,1118.85,3610.4,
2021-03-31,3381.31,3281.18,9617.16,10276.32,8491.14,48094.64,3394.8,2094.3,1765.7,9322.3,5052.5,5094.05,9080.0,5925.15,7763.85,3882.0,465.31,9363.3,1124.4,3683.2,
2021-04-01,3355.3,3625.47,9650.2,10353.74,8592.64,49356.55,3457.94,2095.8,1766.2,9323.31,5120.44,5160.35,9238.4,5935.05,7757.1,3926.4,454.24,9451.85,1136.1,3794.4,
2021-04-02,3355.3,3625.47,9650.2,10353.74,8592.64,49356.55,3457.94,2095.8,1766.2,9323.31,5120.44,5160.35,9238.4,5935.05,7757.1,3926.4,454.24,9451.85,1136.1,3794.4,
2021-04-05,3414.69,3964.5,9650.2,10353.74,8592.64,52443.28,3457.94,2095.8,1766.2,9323.31,5120.44,5160.35,9238.4,5935.05,7757.1,3926.4,545.24,9451.85,1136.1,3794.4,
2021-04-06,3513.7,4330.35,9769.48,10426.42,8588.44,52458.88,3464.5,2094.0,1757.2,9305.13,4994.02,5200.0,9222.4,6001.05,7774.65,3961.8,589.28,9528.9,1140.3,3874.4,
2021-04-07,3289.36,4020.11,9717.12,10394.82,8436.26,48813.47,3392.75,2094.36,1752.9,9283.92,4809.12,5254.6,8920.0,5997.75,7762.5,3911.4,625.23,9364.45,1131.0,3810.4,
2021-04-08,3401.29,4469.76,9747.64,10437.48,8496.32,51540.85,3423.91,2095.32,1752.2,9280.89,4871.9,5291.65,9057.6,5999.4,7747.65,3927.0,636.1,9348.35,1131.45,3876.8,
2021-04-09,3401.29,4469.76,9788.24,10440.64,8405.88,51540.85,3400.54,2092.02,1753.7,9280.89,4846.1,5266.95,8924.8,5997.75,7762.5,3915.9,636.1,9392.05,1126.5,3867.2,
2021-04-12,3671.29,6402.21,9810.08,10399.56,8350.3,52798.37,3391.52,2092.2,1746.6,9283.92,4716.24,5252.65,8892.8,6004.35,7747.65,3888.3,670.94,9389.75,1110.0,3834.4,
2021-04-13,3925.13,5857.4,9824.92,10409.04,8399.16,56555.75,3429.24,2091.72,1746.7,9273.82,4779.02,5291.0,8910.4,5979.6,7743.6,3917.4,643.47,9342.6,1110.6,3816.8,
2021-04-14,4035.66,5841.84,9815.12,10439.06,8434.3,59739.38,3477.21,2090.1,1742.0,9272.81,4832.34,5325.45,8944.0,6010.95,7763.85,3885.3,619.29,9486.35,1127.85,3830.4,
2021-04-15,4113.14,5774.78,9865.8,10475.4,8452.64,61874.47,3525.18,2091.9,1755.7,9323.31,4753.22,5348.2,8939.2,6015.9,7746.3,3970.5,651.49,9432.3,1132.95,3832.8,
2021-04-16,4113.14,5774.78,9889.32,10587.58,8478.96,61874.47,3486.64,2090.94,1749.0,9312.2,4842.66,5398.25,8956.8,6060.45,7788.15,3993.3,651.49,9479.45,1129.5,3854.4,
2021-04-19,3305.43,5342.46,9819.6,10555.98,8415.4,52881.02,3452.61,2089.02,1742.8,9275.84,4747.2,5420.35,8892.8,6047.25,7771.95,3996.0,737.3,9340.3,1135.2,3751.6,
2021-04-20,3496.73,6215.77,9713.2,10353.74,8342.46,56946.11,3422.27,2089.92,1745.1,9247.56,4687.86,5433.35,8849.6,5916.9,7686.9,3953.4,740.29,9142.5,1118.4,3687.2,
2021-04-21,3331.73,5779.01,9794.68,10453.28,8364.44,57764.5,3498.53,2090.76,1743.0,9248.57,4731.72,5380.05,8835.2,5954.85,7716.6,4055.1,757.26,9278.2,1124.7,3749.2,
2021-04-22,3172.92,5365.79,9859.08,10543.34,8436.26,58824.25,3551.83,2090.22,1745.2,9278.87,4962.2,5430.75,8932.8,5982.9,7728.75,4030.2,907.29,9464.5,1147.2,3754.8,
2021-04-23,3172.92,5365.79,9819.6,10543.34,8466.08,58824.25,3546.09,2089.98,1739.9,9255.64,4963.06,5374.85,9035.2,5981.25,7705.8,4011.9,907.29,9441.5,1159.65,3768.4,
2021-04-26,3394.68,5637.3,9842.28,10568.62,8466.36,61685.48,3571.92,2089.5,1737.3,9234.43,4981.12,5409.95,8843.2,6024.15,7736.85,4044.9,1020.54,9559.95,1164.45,3837.6,
2021-04-27,3592.67,5990.43,9826.32,10527.54,8488.06,64763.86,3569.05,2089.08,1734.7,9194.03,5012.08,5410.6,8881.6,5999.4,7709.85,4063.5,1002.71,9614.0,1160.55,3813.2,
2021-04-28,3657.87,5906.62,9824.36,10562.3,8507.94,66543.96,3555.93,2088.3,1726.2,9166.76,4878.78,5400.85,8926.4,6004.35,7697.7,4023.0,1035.6,9577.2,1163.7,3764.0,
2021-04-29,3584.75,6300.42,9815.68,10518.06,8462.16,66846.93,3530.1,2086.68,1720.1,9160.7,4779.02,5385.25,8859.2,5999.4,7689.6,4026.0,981.67,9519.7,1159.35,3772.0,
2021-04-30,3584.75,6300.42,9858.52,10473.82,8409.38,66846.93,3546.5,2087.4,1736.3,9258.67,4744.62,5340.4,8811.2,5976.3,7716.6,4060.2,981.67,9526.6,1167.0,3726.0,
2021-05-03,3753.16,7137.36,9874.76,10524.38,8387.82,83648.73,3499.35,2088.36,1733.6,9239.48,4690.44,5400.2,8737.6,5976.3,7749.0,4109.4,1067.76,9503.6,1161.6,3726.0,
2021-05-04,3524.4,6481.05,9775.36,10330.04,8275.96,79627.59,3414.07,2089.62,1745.7,9259.68,4466.84,5346.9,8633.6,5954.85,7715.25,4103.7,997.1,9398.95,1137.9,3553.2,
2021-05-05,4083.96,6914.17,9885.4,10548.08,8382.64,86265.47,3428.01,2088.78,1747.2,9294.02,4546.82,5340.4,8744.0,6058.8,7798.95,4109.1,1048.91,9500.15,1159.65,3654.4,
2021-05-06,4544.28,6685.41,9828.0,10552.82,8387.82,85055.16,3333.71,2088.0,1743.2,9272.81,4383.42,5330.65,8683.2,6095.1,7794.9,4126.2,1009.55,9336.85,1139.55,3627.2,
2021-05-07,4544.28,6685.41,9891.56,10660.26,8450.26,85055.16,3378.4,2086.74,1730.7,9246.55,4499.52,5361.85,8712.0,6172.65,7847.55,4106.4,1009.55,9431.15,1152.3,3720.0,
2021-05-10,4502.33,6625.32,9872.8,10657.1,8300.32,95723.38,3315.26,2087.16,1727.5,9223.32,4373.1,5411.9,8432.0,6228.75,7920.45,4153.5,990.92,9432.3,1150.5,3600.8,
2021-05-11,4827.71,7053.3,9675.96,10426.42,8205.4,100935.03,3284.92,2084.34,1720.0,9182.92,4300.0,5313.1,8364.8,6076.95,7777.35,4095.6,1029.13,9196.55,1118.85,3520.0,
2021-05-12,4272.67,6204.23,9630.88,10448.54,8110.76,92166.02,3271.39,2082.06,1726.0,9199.08,4253.13,5304.65,8390.4,6030.75,7793.55,4103.1,985.54,9162.05,1110.3,3435.2,
2021-05-13,5321.28,6028.15,9663.64,10472.24,8083.46,90453.9,3251.71,2080.56,1717.8,9185.95,4217.44,5280.6,8312.0,6019.2,7770.6,4089.9,951.76,9079.25,1097.4,3446.8,
2021-05-14,5321.28,6028.15,9742.04,10652.36,8152.9,90453.9,3292.3,2080.26,1713.6,9185.95,4345.58,5344.95,8323.2,6111.6,7830.0,4102.5,951.76,9221.85,1113.3,3538.4,
2021-05-17,5555.89,5365.44,9702.0,10633.4,8138.06,79394.45,3282.46,2079.0,1712.7,9181.91,4301.72,5343.0,8403.2,6121.5,7835.4,4143.6,1080.8,9229.9,1116.45,3506.8,
2021-05-18,5447.72,5294.89,9676.24,10644.46,8243.2,81308.0,3322.23,2079.66,1704.0,9147.57,4387.72,5396.3,8428.8,6129.75,7857.0,4125.3,1282.39,9259.8,1128.3,3547.2,
2021-05-19,4047.73,3548.36,9493.68,10443.8,8169.0,59440.62,3256.63,2079.24,1704.2,9118.28,4372.24,5346.9,8448.0,6043.95,7731.45,4112.4,808.61,8998.75,1115.85,3502.4,
2021-05-20,4921.89,4101.98,9672.32,10614.44,8240.4,66968.92,3330.02,2080.5,1703.8,9148.58,4515.0,5383.3,8537.6,6113.25,7827.3,4104.6,1026.11,9108.0,1132.65,3634.4,
2021-05-21,4921.89,4101.98,9724.12,10677.64,8204.7,66968.92,3348.88,2082.18,1708.9,9156.66,4545.96,5383.95,8476.8,6151.2,7836.75,4057.5,1026.11,9200.0,1132.8,3631.2,
2021-05-24,4216.1,3601.76,9770.6,10753.48,8217.3,63640.64,3349.7,2082.18,1707.8,9157.67,4529.62,5460.65,8476.8,6151.2,7836.75,4050.6,718.08,9200.0,1130.1,3631.2,
2021-05-25,4220.2,3579.2,9721.88,10729.78,8273.3,64974.9,3337.81,2085.42,1708.2,9144.54,4512.42,5454.15,8622.4,6141.3,7805.7,4065.6,686.61,9158.6,1122.9,3721.6,
2021-05-26,4859.44,3969.25,9759.68,10706.08,8346.24,69666.97,3349.29,2087.34,1714.6,9188.98,4564.88,5496.4,8683.2,6136.35,7816.5,4077.0,817.25,9225.3,1128.75,3715.2,
2021-05-27,4486.48,3841.59,9796.08,10729.78,8382.64,65992.89,3359.13,2086.08,1711.1,9178.88,4568.32,5560.1,8665.6,6165.23,7865.1,4088.1,772.25,9347.2,1144.35,3756.8,
2021-05-28,4486.48,3841.59,9812.88,10811.94,8447.46,65992.89,3398.49,2087.1,1713.4,9217.26,4613.04,5590.0,8664.0,6189.15,7888.05,4098.0,772.25,9351.8,1166.25,3803.2,
2021-05-31,4734.97,3690.34,9748.48,10728.2,8486.52,65261.0,3377.17,2086.92,1707.0,9188.98,4607.88,5559.45,8713.6,6189.15,7835.4,4113.9,752.14,9293.15,1167.45,3803.2,
2021-06-01,4718.99,3783.17,9762.48,10815.1,8566.04,63381.89,3349.7,2086.8,1701.5,9175.85,4562.3,5629.0,8857.6,6202.35,7901.55,4108.8,711.05,9370.2,1176.9,3798.4,
2021-06-02,4771.24,4187.02,9806.44,10849.86,8610.98,65171.52,3342.73,2088.54,1710.2,9213.22,4499.52,5662.15,8841.6,6246.07,7920.45,4132.2,779.73,9416.2,1189.65,3834.4,
2021-06-03,5041.55,4492.29,9831.92,10857.76,8589.14,69195.48,3324.69,2088.12,1718.5,9247.56,4487.48,5634.2,8744.0,6233.7,7936.65,4068.3,912.1,9418.5,1192.5,3775.2,
2021-06-04,5041.55,4492.29,9855.72,10870.4,8605.52,69195.48,3378.81,2089.44,1720.1,9259.68,4506.4,5666.05,8796.8,6271.65,7950.15,4115.7,912.1,9402.4,1201.5,3847.2,
2021-06-07,4263.21,3733.36,9826.32,10890.94,8543.22,62464.25,3418.17,2088.0,1716.4,9226.35,4493.5,5711.55,8628.8,6286.5,7956.9,4105.8,879.78,9471.4,1197.15,3810.4,
2021-06-08,4335.81,3705.1,9833.6,10890.94,8529.36,60811.72,3419.81,2089.74,1724.0,9272.81,4490.06,5781.75,8662.4,6255.15,7943.4,4082.7,956.26,9526.6,1191.75,3789.6,
2021-06-09,4432.94,3929.61,9866.92,10892.52,8526.56,62958.46,3471.06,2091.0,1726.5,9316.24,4533.92,5832.45,8612.8,6255.15,7929.9,4083.6,967.37,9593.3,1190.1,3797.2,
2021-06-10,4182.54,3686.16,9894.92,10883.04,8578.36,59703.91,3515.75,2091.42,1732.1,9312.2,4508.12,5816.85,8696.0,6260.1,7924.5,4077.9,946.63,9515.1,1189.35,3816.8,
2021-06-11,4182.54,3686.16,9954.28,10960.46,8597.68,59703.91,3556.75,2092.92,1742.8,9379.87,4570.04,5789.55,8718.4,6250.2,7947.45,4091.1,946.63,9601.35,1193.25,3828.8,
2021-06-14,4318.49,3876.03,9930.48,10974.68,8622.88,61561.74,3575.2,2091.3,1736.7,9336.44,4635.4,5822.7,8707.2,6222.15,7940.7,4071.9,895.38,9601.35,1197.15,3860.8,
2021-06-15,4378.82,3924.62,9940.56,11009.44,8558.76,63308.27,3521.08,2090.52,1734.5,9297.05,4564.88,5797.35,8608.0,6232.05,7939.35,4063.5,951.45,9501.3,1177.5,3874.4,
2021-06-16,4107.7,3685.84,9960.16,11020.5,8572.06,58038.92,3533.79,2091.48,1738.3,9341.49,4649.16,5772.65,8564.8,6237.0,7948.8,4075.2,927.99,9543.85,1166.25,3874.4,
2021-06-17,4134.97,3772.28,10077.76,11041.04,8660.96,58546.32,3600.21,2089.14,1759.9,9435.42,4693.88,5623.8,8739.2,6157.8,7938.0,3894.6,924.06,9585.25,1176.75,3911.2,
2021-06-18,4134.97,3772.28,10022.04,10829.32,8630.86,58546.32,3596.11,2087.22,1776.9,9512.18,4668.08,5601.7,8793.6,6010.95,7828.65,3877.2,924.06,9499.0,1171.95,3794.4,
2021-06-21,3285.13,2898.19,10063.48,10914.64,8596.14,46614.45,3598.57,2085.54,1767.1,9460.67,4651.74,5607.55,8744.0,6057.15,7835.4,3896.4,627.4,9553.05,1173.0,3779.6,
2021-06-22,3211.02,2794.48,10123.68,10952.56,8567.44,46187.55,3601.44,2085.06,1768.7,9451.58,4728.28,5650.45,8688.0,6085.2,7861.05,3886.8,628.82,9579.5,1187.7,3828.0,
2021-06-23,3489.5,3144.14,10101.84,10840.38,8636.18,49029.82,3604.72,2086.02,1761.7,9435.42,4682.7,5625.75,8779.2,6068.7,7815.15,3921.9,706.0,9615.15,1195.2,3842.4,
2021-06-24,3777.8,3293.4,10164.56,10957.3,8700.16,49009.98,3639.98,2086.26,1761.8,9445.52,4736.88,5650.45,8876.8,6093.45,7831.35,3926.1,732.78,9692.2,1206.15,3899.2,
2021-06-25,3777.8,3293.4,10183.04,10950.98,8751.26,49009.98,3637.52,2084.4,1756.1,9434.41,4767.84,5645.25,9016.0,6138.0,7863.75,3930.9,732.78,9773.85,1219.5,3916.8,
2021-06-28,3690.95,3092.33,10190.88,10856.18,8761.06,51263.95,3667.45,2086.08,1763.3,9447.54,4848.68,5578.3,9043.2,6101.7,7843.5,3944.7,773.92,9710.6,1229.25,3965.6,
2021-06-29,3821.3,3213.64,10255.56,10913.06,8741.32,53384.07,3667.45,2086.2,1766.9,9459.66,4934.68,5552.3,8956.8,6101.7,7846.2,3928.5,797.8,9756.6,1231.35,3994.4,
2021-06-30,3878.0,3259.02,10297.56,10804.04,8767.22,56409.13,3669.5,2088.48,1780.2,9527.33,4865.88,5517.85,8929.6,6052.2,7832.7,3986.4,840.79,9752.0,1236.75,3985.2,
2021-07-01,3747.17,3099.76,10333.68,10829.32,8702.4,52464.36,3653.1,2088.96,1775.8,9508.14,4865.88,5575.05,8875.2,6080.25,7873.2,4004.7,790.59,9810.65,1227.9,3947.2,
2021-07-02,3747.17,3099.76,10405.64,10837.22,8681.54,52464.36,3667.86,2090.46,1782.7,9517.23,4862.44,5640.05,8776.0,6076.95,7894.8,4026.3,790.59,9768.1,1229.55,3968.4,
2021-07-05,3935.72,3247.23,10435.04,10854.6,8652.42,54492.86,3670.32,2088.96,1780.8,9501.07,4872.76,5669.95,8601.6,6109.95,7908.3,4069.8,779.51,9778.45,1237.5,3984.8,
2021-07-06,3985.77,3457.96,10402.56,10740.84,8597.54,57809.63,3658.84,2091.66,1797.2,9533.39,4908.88,5733.0,8577.6,6017.55,7859.7,4075.5,812.56,9633.55,1229.85,3972.8,
2021-07-07,3954.2,3538.26,10481.52,10826.16,8589.98,57724.9,3656.79,2091.6,1806.5,9583.89,4925.22,5755.75,8598.4,6015.9,7900.2,4092.0,869.91,9633.55,1245.3,3919.2,
2021-07-08,3731.28,3338.12,10357.76,10598.64,8386.84,52615.88,3620.3,2091.78,1805.4,9540.46,4812.56,5726.5,8304.0,5956.5,7750.35,4042.8,785.74,9505.9,1224.3,3874.8,
2021-07-09,3731.28,3338.12,10460.8,10792.98,8496.6,52615.88,3661.71,2091.06,1794.9,9520.26,4807.4,5824.0,8465.6,6055.5,7866.45,4069.8,785.74,9634.7,1253.25,3923.2,
2021-07-12,3683.72,3396.64,10494.4,10887.78,8507.52,50475.07,3669.5,2091.54,1792.7,9515.21,4868.46,5904.6,8481.6,6073.65,7909.65,4089.0,728.93,9660.0,1270.5,3964.0,
2021-07-13,3570.66,3341.22,10567.2,10867.24,8612.66,48446.97,3637.11,2092.08,1799.8,9571.77,4869.32,5862.35,8649.6,6047.25,7936.65,4101.9,693.38,9612.85,1281.45,3993.2,
2021-07-14,3545.23,3331.26,10515.96,10897.26,8604.4,49557.66,3578.07,2092.26,1797.9,9561.67,4754.08,5801.9,8604.8,6047.25,7917.75,4110.0,741.15,9479.45,1267.95,3981.2,
2021-07-15,3441.77,3400.3,10512.32,10781.92,8649.9,47577.85,3541.58,2092.38,1804.5,9554.6,4653.46,5752.5,8670.4,6015.9,7788.15,4070.4,675.36,9412.75,1267.05,3911.2,
2021-07-16,3441.77,3400.3,10472.56,10725.04,8584.66,47577.85,3554.7,2094.06,1806.7,9561.67,4636.26,5817.5,8628.8,5986.2,7807.05,3993.0,675.36,9396.65,1243.65,3829.2,
2021-07-19,3159.36,3024.95,10278.24,10453.28,8419.04,45309.71,3535.43,2094.66,1825.2,9566.72,4568.32,5712.85,8500.8,5826.15,7589.7,3950.7,581.19,9197.7,1210.8,3791.2,
2021-07-20,2979.13,2862.72,10423.84,10514.9,8442.7,44603.86,3582.99,2096.16,1829.9,9608.13,4596.7,5746.0,8468.8,5897.1,7684.2,3965.1,558.87,9385.15,1228.65,3806.0,
2021-07-21,3292.07,3160.42,10483.48,10701.34,8462.02,49644.52,3596.11,2095.68,1815.7,9553.59,4750.64,5838.95,8438.4,5971.35,7742.25,3983.4,632.96,9531.2,1264.95,3906.8,
2021-07-22,3348.65,3177.8,10529.12,10781.92,8523.9,50583.84,3627.27,2097.12,1823.1,9591.97,4771.28,5840.9,8532.8,5973.0,7747.65,4024.2,659.74,9447.25,1271.7,3909.2,
2021-07-23,3348.65,3177.8,10652.04,10928.86,8403.64,50583.84,3623.17,2098.38,1818.7,9607.12,4721.4,5823.35,8318.4,6007.65,7797.6,3983.7,659.74,9505.9,1282.05,3937.6,
2021-07-26,3542.31,3285.3,10642.24,10903.58,8242.5,55617.69,3563.31,2098.08,1813.8,9552.58,4675.82,5815.55,7943.2,6032.4,7801.65,3976.8,672.13,9524.3,1279.65,3945.6,
2021-07-27,3593.8,3379.36,10537.52,10810.36,7990.64,57161.22,3485.41,2099.1,1817.8,9505.11,4570.04,5811.0,7455.2,5997.75,7758.45,3927.3,665.54,9361.0,1246.5,3836.0,
2021-07-28,3601.06,3370.98,10608.36,10905.16,8234.52,57006.68,3565.36,2099.58,1817.2,9523.29,4694.74,5852.6,7940.0,6025.8,7790.85,3941.7,658.34,9476.0,1273.05,3926.8,
2021-07-29,3588.44,3393.22,10589.6,10949.4,8283.66,58868.23,3581.35,2099.82,1805.6,9494.0,4723.12,5825.3,7919.2,6098.4,7813.8,3988.8,737.44,9607.1,1291.8,3991.2,
2021-07-30,3588.44,3393.22,10548.16,10878.3,8227.94,58868.23,3579.71,2099.76,1815.1,9521.27,4720.54,5825.3,7841.6,6039.0,7771.95,3973.8,737.44,9553.05,1291.35,4000.8,
2021-08-02,3666.71,3552.46,10569.72,10946.24,8290.24,64634.73,3590.78,2101.44,1818.1,9548.54,4742.9,5905.9,7967.2,6090.15,7811.1,3983.1,784.41,9563.4,1302.0,4096.8,
2021-08-03,3822.21,3464.34,10544.8,10950.98,8262.1,61992.43,3573.97,2101.44,1822.4,9550.56,4790.2,5890.95,7850.4,6094.28,7798.95,3959.4,803.04,9490.95,1288.95,4047.6,
2021-08-04,3864.95,3604.71,10591.28,11022.08,8369.48,67681.56,3602.67,2102.46,1821.2,9559.65,4818.58,5938.4,7979.2,6093.45,7823.25,3954.9,847.07,9511.65,1324.35,4129.2,
2021-08-05,3892.4,3637.03,10622.08,11064.74,8378.72,70242.9,3618.25,2102.52,1816.5,9559.65,4801.38,5984.55,7937.6,6081.9,7817.85,3941.4,884.89,9593.3,1323.15,4135.6,
2021-08-06,3892.4,3637.03,10722.32,11096.34,8330.7,70242.9,3612.1,2100.24,1818.7,9586.92,4804.82,5987.8,7861.6,6103.35,7882.65,3898.5,884.89,9689.9,1330.05,4121.6,
2021-08-09,4183.7,3852.69,10731.56,11118.46,8391.32,79355.1,3624.81,2100.12,1819.3,9574.8,4858.14,5957.9,8027.2,6101.7,7897.5,3837.3,925.97,9672.65,1332.45,4106.8,
2021-08-10,4741.72,4042.28,10772.72,11134.26,8407.56,78801.29,3581.35,2100.42,1818.5,9582.88,4898.56,5935.8,8147.2,6098.4,7935.3,3858.3,971.93,9735.9,1341.6,4044.8,
2021-08-11,5089.37,4250.75,10767.68,11186.4,8393.0,79241.48,3528.46,2099.88,1814.5,9562.68,4818.58,5978.7,8184.0,6151.2,7989.3,3864.9,996.76,9666.9,1345.35,4017.6,
2021-08-12,5164.99,4188.33,10790.08,11241.7,8341.2,76252.14,3546.5,2100.3,1817.5,9557.63,4768.7,5997.55,8099.2,6142.95,8002.8,3866.1,981.84,9708.3,1345.35,4004.4,
2021-08-13,5164.99,4188.33,10771.88,11248.02,8269.94,76252.14,3546.09,2099.76,1814.6,9539.45,4764.4,6043.7,8030.4,6164.4,7996.05,3891.0,981.84,9658.85,1327.5,4021.2,
2021-08-16,5866.81,4515.13,10756.2,11162.7,8204.28,78792.42,3519.03,2099.4,1825.5,9563.69,4707.64,6058.0,7896.0,6131.4,7982.55,3878.1,1485.94,9603.65,1299.75,3987.2,
2021-08-17,5468.25,4372.88,10815.56,11159.54,8150.94,75707.47,3525.59,2099.34,1832.4,9604.09,4644.0,6008.6,7780.0,6088.5,7955.55,3858.6,1537.43,9488.65,1279.35,3936.4,
2021-08-18,5987.99,4335.47,10807.16,11140.58,8189.3,75880.89,3558.8,2100.42,1833.5,9618.23,4729.14,6055.4,7830.4,6091.8,7962.3,3799.5,1737.9,9549.6,1293.9,3930.4,
2021-08-19,6911.32,4702.59,10715.32,10965.2,8014.58,80149.45,3503.86,2100.3,1840.7,9625.3,4720.54,6006.65,7653.6,5963.1,7855.65,3755.7,1747.02,9318.45,1278.45,3911.2,
2021-08-20,6911.32,4702.59,10809.4,11031.56,8005.2,80149.45,3522.72,2100.54,1841.1,9639.44,4777.3,6024.85,7585.6,5957.32,7875.9,3746.7,1747.02,9438.05,1268.7,3932.0,
2021-08-23,8255.85,5422.84,10880.8,11123.2,8058.82,83104.77,3589.14,2099.4,1831.0,9604.09,4790.2,5968.3,7607.2,6035.7,7894.8,3826.2,1807.35,9551.9,1288.5,4022.8,
2021-08-24,7694.75,5112.16,10872.96,11108.98,8259.3,79371.45,3605.13,2099.4,1826.9,9612.17,4835.78,5933.2,7920.0,6055.5,7904.25,3852.6,1685.87,9642.75,1311.6,4050.4,
2021-08-25,7728.93,5440.41,10891.72,11113.72,8279.32,80537.89,3612.51,2096.1,1818.2,9602.07,4852.12,5900.7,7870.4,6065.4,7906.95,3807.0,1713.31,9748.55,1321.35,4097.2,
2021-08-26,7167.99,5191.03,10848.88,11091.6,8211.56,77544.94,3595.29,2095.56,1814.6,9584.9,4822.88,5882.5,7786.4,6050.55,7873.2,3783.6,1796.18,9671.5,1296.9,4079.6,
2021-08-27,7167.99,5191.03,10877.44,11137.42,8259.02,77544.94,3641.62,2096.34,1814.9,9595.0,4830.62,5992.35,7777.6,6073.65,7877.25,3807.0,1796.18,9812.95,1301.1,4148.8,
2021-08-30,7700.17,4962.45,10951.36,11165.86,8286.46,80370.78,3649.82,2097.24,1817.9,9625.3,4859.86,5985.2,7771.2,6073.65,7885.35,3841.2,2627.27,9822.15,1312.05,4148.8,
2021-08-31,7802.09,5009.99,10931.76,11121.62,8401.4,85492.32,3653.1,2094.06,1814.8,9632.37,4859.86,5947.5,7910.4,6091.8,7858.35,3842.7,2575.37,9792.25,1314.75,4145.2,
2021-09-01,8057.8,5273.02,10892.56,11236.96,8482.04,95231.75,3670.32,2094.24,1808.0,9612.17,4897.7,5924.75,8075.2,6100.05,7857.0,3810.0,2629.07,9771.55,1301.1,4164.0,
2021-09-02,8293.0,5191.27,10907.4,11262.24,8463.14,93861.08,3707.63,2095.8,1808.1,9620.25,4951.88,5874.05,8040.0,6129.75,7865.1,3789.3,3024.16,9877.35,1307.4,4170.4,
2021-09-03,8293.0,5191.27,10874.92,11170.6,8454.04,93861.08,3709.27,2094.12,1801.1,9593.99,4892.54,5822.05,7969.6,6147.9,7843.5,3834.3,3024.16,9788.8,1312.5,4195.2,
2021-09-06,7925.83,5320.68,10918.32,11287.52,8539.58,97274.25,3728.95,2094.6,1803.2,9614.19,4895.12,5794.1,8115.2,6205.65,7886.7,3818.7,3881.06,9838.25,1322.4,4225.6,
2021-09-07,7022.53,4491.28,10872.12,11240.12,8544.06,85069.82,3696.97,2091.0,1800.2,9596.01,4858.14,5763.55,8187.2,6141.3,7817.85,3776.7,4098.95,9804.9,1341.9,4174.4,
2021-09-08,6959.73,4474.75,10854.48,11120.04,8433.04,87010.39,3672.78,2091.0,1807.6,9621.26,4794.5,5635.5,8137.6,6106.65,7780.05,3701.4,4531.88,9685.3,1321.65,4116.4,
2021-09-09,7075.66,4538.5,10877.44,11108.98,8412.6,85220.28,3691.64,2094.0,1811.4,9630.35,4791.06,5697.9,8056.0,6124.8,7788.15,3703.8,4461.8,9746.25,1335.0,4149.6,
2021-09-10,7075.66,4538.5,10797.92,11083.7,8429.68,85220.28,3662.53,2092.2,1806.6,9615.2,4750.64,5625.75,8078.4,6106.65,7750.35,3673.2,4461.8,9662.3,1343.25,4196.0,
2021-09-13,6754.81,4304.35,10770.48,11145.32,8429.68,81790.35,3615.79,2092.8,1812.0,9638.43,4778.16,5674.5,8062.4,6144.6,7803.0,3621.6,4017.84,9647.35,1343.1,4166.4,
2021-09-14,6744.65,4470.64,10750.32,11139.0,8374.52,85417.03,3655.15,2093.94,1816.4,9652.57,4797.94,5681.65,7865.6,6124.8,7773.3,3567.0,3754.81,9601.35,1358.25,4222.0,
2021-09-15,7034.13,4650.22,10743.04,11041.04,8299.76,89938.52,3634.65,2092.2,1813.0,9635.4,4684.42,5622.5,7732.0,6131.4,7761.15,3577.2,3774.29,9604.8,1350.45,4193.6,
2021-09-16,6837.69,4597.63,10789.8,11094.76,8283.94,89240.75,3617.02,2092.2,1818.9,9636.41,4677.54,5621.85,7588.8,6114.9,7777.35,3541.5,3632.85,9663.45,1343.55,4185.2,
2021-09-17,6837.69,4597.63,10779.44,10957.3,8277.08,89240.75,3660.89,2091.3,1816.4,9632.37,4673.24,5601.7,7647.2,6068.7,7692.3,3530.7,3632.85,9661.15,1334.4,4150.4,
2021-09-20,5847.97,3931.42,10584.0,10764.54,8088.22,74175.28,3640.8,2092.56,1823.4,9601.06,4607.02,5498.35,7395.2,5944.95,7551.9,3482.4,3158.24,9464.5,1291.65,4053.6,
2021-09-21,5633.42,3744.42,10642.8,10897.26,8118.04,69341.13,3670.32,2093.28,1828.8,9617.22,4663.78,5586.75,7432.0,5979.6,7592.4,3510.0,2964.47,9534.65,1299.6,4080.0,
2021-09-22,6444.2,4136.2,10690.96,11072.64,8251.04,77435.76,3676.88,2093.46,1824.5,9610.15,4723.98,5590.65,7583.2,6030.75,7653.15,3589.8,3548.5,9673.8,1322.55,4121.2,
2021-09-23,6598.68,4165.22,10804.92,11195.88,8266.72,79034.11,3682.21,2090.28,1811.2,9560.66,4756.66,5641.35,7468.8,6088.5,7708.5,3534.6,3576.31,9781.9,1329.15,4189.2,
2021-09-24,6598.68,4165.22,10812.2,11093.18,8216.6,79034.11,3656.38,2088.6,1809.0,9504.1,4681.84,5586.75,7384.0,6072.0,7651.8,3510.0,3576.31,9804.9,1325.1,4166.8,
2021-09-27,6069.02,3661.9,10838.24,11118.46,8260.28,73762.32,3611.28,2088.0,1806.3,9483.9,4724.84,5617.95,7444.8,6136.35,7738.2,3537.9,3277.38,9942.9,1326.3,4160.0,
2021-09-28,5799.25,3630.74,10646.16,10837.22,8173.48,70636.74,3526.82,2086.14,1803.1,9463.7,4619.92,5452.2,7462.4,6062.92,7636.95,3481.5,3155.77,9787.65,1297.5,4019.6,
2021-09-29,5917.66,4041.15,10732.96,10895.68,8190.98,72314.68,3536.25,2087.22,1813.2,9534.4,4611.32,5437.25,7516.8,6067.88,7685.55,3467.1,3271.0,9806.05,1290.3,3944.0,
2021-09-30,6071.56,4260.51,10703.56,10804.04,8277.08,76257.7,3555.11,2086.44,1815.1,9546.52,4594.12,5402.8,7600.0,6017.55,7699.05,3518.4,3417.16,9787.65,1310.25,3968.0,
2021-10-01,6071.56,4260.51,10637.48,10739.26,8197.84,76257.7,3505.91,2088.72,1822.8,9522.28,4611.32,5487.95,7486.4,5976.3,7668.0,3537.3,3417.16,9752.0,1294.35,3912.0,
2021-10-04,6262.5,4668.66,10511.76,10672.9,8049.3,85546.21,3451.79,2088.42,1820.1,9478.85,4476.3,5436.6,7280.0,5956.5,7647.75,3514.8,4023.52,9716.35,1266.45,3846.0,
2021-10-05,6400.37,4863.98,10711.4,10848.28,8167.18,89221.44,3478.44,2087.1,1813.8,9459.66,4515.86,5426.2,7426.4,6042.3,7743.6,3522.0,3968.02,9818.7,1280.4,3909.6,
2021-10-06,6362.62,4800.58,10647.28,10710.82,8112.58,91114.79,3438.26,2086.62,1828.5,9515.21,4496.08,5370.95,7391.2,5921.85,7674.75,3534.9,3739.18,9673.8,1261.95,3868.8,
2021-10-07,6546.62,4835.79,10904.88,10933.6,8329.86,91268.61,3500.17,2087.82,1817.8,9528.34,4602.72,5445.05,7718.4,6053.03,7788.15,3586.8,3741.96,9950.95,1290.75,4000.0,
2021-10-08,6546.62,4835.79,10846.92,10892.52,8324.68,91268.61,3456.3,2085.96,1809.7,9479.86,4545.1,5417.75,7757.6,6043.95,7777.35,3628.8,3741.96,9899.2,1277.7,3934.8,
2021-10-11,6251.99,4559.25,10866.52,10871.98,8375.92,90231.36,3444.41,2084.16,1807.5,9465.72,4601.86,5450.25,7858.4,6083.55,7808.4,3647.7,3515.24,9916.45,1282.35,3950.0,
2021-10-12,6106.5,4902.97,10772.72,10830.9,8308.58,89040.05,3429.24,2082.96,1814.4,9478.85,4712.8,5498.35,7791.2,6020.85,7792.2,3636.9,3712.78,9868.15,1274.55,3860.0,
2021-10-13,6272.17,5170.53,10696.28,10916.22,8359.68,91417.31,3437.03,2082.96,1817.2,9504.1,4828.04,5539.95,7879.2,5991.15,7761.15,3700.8,3581.55,9852.05,1289.7,3893.6,
2021-10-14,6222.94,5188.11,10895.08,11088.44,8376.62,96042.36,3498.94,2086.14,1818.2,9525.31,4823.74,5599.1,7800.8,6072.0,7832.7,3727.2,3622.28,9995.8,1303.65,3986.4,
2021-10-15,6222.94,5188.11,10984.12,11172.18,8493.8,96042.36,3501.81,2084.82,1810.4,9503.09,4893.4,5648.5,7924.8,6131.4,7770.6,3681.6,3622.28,10088.95,1327.95,4034.0,
2021-10-18,6090.49,5321.72,11013.8,11104.24,8463.98,94914.33,3452.2,2080.68,1804.7,9477.84,4868.46,5653.7,7953.6,6108.3,7750.35,3637.8,3795.75,9992.35,1336.05,4051.6,
2021-10-19,6037.29,5346.71,11063.08,11146.9,8536.22,98024.91,3490.33,2079.12,1796.7,9452.59,4998.32,5697.9,8105.6,6119.85,7761.15,3678.6,3760.57,10023.4,1344.15,4096.0,
2021-10-20,6233.49,5476.84,11105.92,11154.8,8549.1,104853.47,3488.69,2080.92,1793.4,9438.45,5024.12,5677.75,8176.0,6147.9,7801.65,3684.3,4232.57,10068.25,1344.45,4109.2,
2021-10-21,6108.29,5164.63,11097.24,11107.4,8472.38,102549.49,3489.1,2078.16,1790.2,9417.24,5003.48,5688.8,8126.4,6100.05,7759.8,3639.0,4589.98,10044.1,1329.45,4105.6,
2021-10-22,6108.29,5164.63,11118.8,11192.72,8469.86,102549.49,3500.99,2076.6,1792.1,9417.24,4985.42,5736.9,8187.2,6081.9,7784.1,3699.9,4589.98,10086.65,1320.9,4110.8,
2021-10-25,6136.85,5317.59,11198.32,11218.0,8533.7,106811.67,3536.25,2079.24,1799.4,9456.63,5042.18,5696.6,8201.6,6109.95,7808.4,3720.0,5073.11,10215.45,1349.55,4125.6,
2021-10-26,6128.82,5251.05,11293.8,11309.64,8538.04,104735.7,3557.57,2078.64,1802.5,9503.09,5054.22,5700.5,8126.4,6098.4,7828.65,3650.7,4830.08,10216.6,1371.75,4136.0,
2021-10-27,5481.63,4931.5,11249.84,11285.94,8458.66,99627.51,3506.73,2079.72,1810.1,9541.47,5184.94,5753.8,7987.2,6057.15,7800.3,3653.1,4441.79,10056.75,1378.5,4124.0,
2021-10-28,5655.76,5365.24,11206.16,11304.9,8361.08,107902.03,3513.7,2075.7,1800.4,9477.84,5276.1,5782.4,7916.0,6065.4,7766.55,3646.5,4676.16,10000.4,1369.35,4152.8,
2021-10-29,5655.76,5365.24,11346.16,11363.36,8356.18,107902.03,3545.68,2069.22,1814.9,9561.67,5353.5,5648.5,7900.8,6043.95,7781.4,3629.7,4676.16,10175.2,1384.05,4162.4,
2021-11-01,5607.97,6077.25,11345.04,11459.74,8391.04,110036.34,3590.78,2069.4,1809.6,9487.94,5450.68,5624.45,7971.2,6105.0,7812.45,3704.1,4938.13,10341.95,1395.6,4199.6,
2021-11-02,5648.47,6089.83,11405.52,11492.92,8329.86,116224.78,3601.03,2077.32,1816.1,9507.13,5375.0,5629.65,7784.8,6103.35,7786.8,3660.3,5323.39,10356.9,1389.15,4263.6,
2021-11-03,5923.29,6255.91,11397.12,11519.78,8323.14,116995.71,3622.76,2078.16,1812.1,9506.12,5194.4,5660.85,7800.0,6119.85,7812.45,3623.4,5881.3,10469.6,1387.95,4278.4,
2021-11-04,5679.25,6139.37,11541.88,11581.4,8361.78,114861.19,3646.95,2085.78,1823.9,9584.9,5227.08,5812.3,7830.4,6118.2,7825.95,3692.1,5971.26,10531.7,1412.85,4438.8,
2021-11-05,5712.74,6710.74,11622.8,11671.46,8365.42,114161.72,3618.25,2088.3,1833.8,9640.45,5174.62,5782.4,7697.6,6162.75,7870.5,3717.3,5737.68,10649.0,1410.75,4544.8,
2021-11-08,6103.14,7205.83,11581.36,11649.34,8403.64,122310.59,3601.44,2087.22,1824.2,9622.27,5253.74,5725.2,7712.0,6180.9,7855.65,3738.3,6021.63,10672.0,1429.05,4594.0,
2021-11-09,6518.61,6981.54,11499.04,11622.48,8395.24,120117.67,3570.69,2089.14,1833.9,9646.51,5224.5,5778.5,7704.8,6138.0,7819.2,3731.7,5786.02,10589.2,1426.05,4615.2,
2021-11-10,6024.27,6760.32,11587.24,11628.8,8466.22,117568.05,3585.86,2084.76,1831.0,9619.24,5235.68,5743.4,7835.2,6157.8,7886.7,3803.7,5652.63,10629.45,1413.3,4536.8,
2021-11-11,6034.65,6986.94,11595.36,11652.5,8599.08,121101.87,3551.01,2082.78,1822.2,9576.82,5307.06,5738.2,8104.0,6149.55,7927.2,3850.2,5717.83,10630.6,1410.45,4544.8,
2021-11-12,5937.77,6972.21,11673.2,11693.58,8620.36,119848.55,3568.64,2085.0,1826.0,9610.15,5367.26,5770.7,8140.8,6180.9,7947.45,3864.9,5594.85,10645.55,1429.5,4600.4,
2021-11-15,5854.86,7049.13,11714.08,11726.76,8625.12,117127.61,3590.37,2084.1,1823.9,9613.18,5343.18,5801.9,8140.8,6177.6,7977.15,3897.0,5821.14,10676.6,1424.25,4597.6,
2021-11-16,5489.04,6611.24,11849.6,11777.32,8685.04,109076.98,3598.57,2085.48,1835.7,9668.73,5338.88,5836.35,8273.6,6159.45,7990.65,3923.1,5407.88,10731.8,1424.25,4618.8,
2021-11-17,5506.02,6505.68,11847.92,11771.0,8672.72,111363.45,3597.75,2085.12,1841.1,9674.79,5354.36,5799.3,8238.4,6124.8,7951.5,3952.5,5416.55,10666.25,1437.3,4662.8,
2021-11-18,5250.01,5989.64,11813.2,11720.44,8532.72,103910.56,3547.73,2087.58,1839.5,9650.55,5262.34,5822.7,8036.8,6098.4,7906.95,3927.6,4841.3,10590.35,1416.6,4714.0,
2021-11-19,5451.73,6517.18,11877.32,11661.98,8563.66,111177.84,3557.16,2091.48,1851.9,9706.1,5346.62,5853.25,8088.0,6076.95,7894.8,3884.4,5309.32,10566.2,1418.4,4747.2,
2021-11-22,5236.45,6317.61,12008.64,11606.68,8549.8,106619.19,3533.79,2088.24,1848.9,9684.89,5334.58,5775.9,8001.6,6108.3,7989.3,3809.7,5364.33,10655.9,1432.05,4784.4,
2021-11-23,5175.08,6702.68,11837.28,11458.16,8486.52,113537.09,3427.6,2084.34,1840.5,9600.05,5172.04,5687.5,7956.0,6081.9,7982.55,3660.3,5532.48,10470.75,1410.0,4611.6,
2021-11-24,4984.41,6587.22,11960.76,11439.2,8536.92,110873.6,3479.26,2083.56,1851.7,9662.67,5212.46,5783.05,8016.0,6081.9,8043.3,3688.5,5358.69,10586.9,1415.85,4646.4,
2021-11-25,4899.01,6865.89,11989.04,11478.7,8552.04,112201.19,3493.2,2083.92,1851.4,9637.42,5294.16,5853.9,8067.2,6085.2,8046.0,3713.7,5161.81,10624.85,1425.3,4713.6,
2021-11-26,4531.64,6650.6,11602.64,10933.6,8140.72,105738.33,3419.4,2088.72,1856.1,9427.34,5091.2,5649.15,7678.4,5901.22,7770.6,3577.8,4790.04,10060.2,1369.5,4543.2,
2021-11-29,4716.15,7043.22,11771.48,10987.32,8230.74,115740.8,3426.37,2087.46,1862.2,9556.62,5140.22,5636.8,7684.8,5926.8,7828.65,3616.5,5072.57,10167.15,1394.1,4659.2,
2021-11-30,4575.94,7024.56,11616.92,10851.44,8193.22,120590.84,3380.45,2086.8,1866.6,9560.66,5067.12,5590.65,7608.8,5841.0,7732.8,3582.9,5180.49,9965.9,1387.35,4650.8,
2021-12-01,4539.97,7061.32,11718.28,11173.76,8376.9,119044.03,3415.3,2083.08,1856.1,9595.0,5118.72,5599.75,7745.6,5971.35,7831.35,3563.1,5686.47,10121.15,1399.35,4784.0,
2021-12-02,5036.54,6972.36,11494.56,10999.96,8350.44,117191.16,3346.42,2086.92,1863.3,9631.36,4916.62,5589.35,7712.0,5905.35,7769.25,3535.2,5795.76,9871.6,1364.7,4579.2,
2021-12-03,4575.63,6700.72,11479.72,10922.54,8234.66,109771.35,3298.86,2086.68,1872.9,9658.63,4791.06,5573.1,7494.4,5933.4,7780.05,3568.2,5237.96,9868.15,1351.5,4574.0,
2021-12-06,4190.59,6640.92,11605.72,11083.7,8271.06,113375.34,3266.88,2087.88,1876.1,9710.14,4810.84,5617.3,7584.0,5992.8,7886.7,3582.0,4816.37,10014.2,1349.7,4490.8,
2021-12-07,4069.37,6543.6,11924.64,11447.1,8451.94,112419.46,3415.71,2086.08,1875.0,9786.9,4980.26,5658.25,7757.6,6100.05,7992.0,3633.9,4734.61,10339.65,1378.8,4768.0,
2021-12-08,4117.64,6864.76,11795.28,11327.02,8431.78,115762.16,3428.42,2081.46,1849.6,9682.87,4980.26,5614.05,7745.6,6073.65,7915.05,3615.9,4838.96,10256.85,1382.85,4754.0,
2021-12-09,3780.2,6419.33,11876.2,11254.34,8453.34,106775.51,3441.54,2083.98,1862.9,9748.52,4922.64,5608.85,7780.0,6048.9,7911.0,3560.4,4477.28,10207.4,1369.35,4735.2,
2021-12-10,3565.94,6238.28,11824.68,11240.12,8387.26,101767.53,3372.25,2084.4,1863.2,9729.33,4803.1,5606.9,7710.4,6058.8,7911.0,3563.4,4169.71,10024.55,1359.9,4652.0,
2021-12-13,3600.23,5868.16,11834.76,11189.56,8291.92,98370.52,3340.27,2086.38,1871.8,9759.63,4778.16,5569.2,7620.0,6039.0,7874.55,3554.7,3847.07,9919.9,1339.2,4604.0,
2021-12-14,3601.26,5771.46,11709.88,11086.86,8264.34,97590.25,3321.82,2084.58,1872.7,9769.73,4638.84,5515.9,7560.8,6025.8,7904.25,3492.3,3809.58,9926.8,1327.65,4504.4,
2021-12-15,3871.68,6120.95,11713.52,11129.52,8184.54,104926.63,3314.85,2084.34,1873.4,9717.21,4594.98,5526.95,7339.2,6022.5,7920.45,3429.3,4440.16,9794.55,1321.2,4540.4,
2021-12-16,3651.65,5938.18,11882.92,11263.82,8295.28,103196.17,3391.93,2083.32,1868.2,9671.76,4687.86,5525.0,7449.6,6159.45,8013.6,3543.9,4394.14,10021.1,1334.1,4620.8,
2021-12-17,3577.14,5909.38,11778.2,11139.0,8260.7,100648.29,3415.71,2086.02,1879.9,9691.96,4648.3,5559.45,7361.6,6111.6,7993.35,3607.2,4341.42,9954.4,1321.8,4560.8,
2021-12-20,3660.21,5928.17,11471.88,10985.74,8070.86,102880.98,3391.11,2086.08,1875.9,9593.99,4470.28,5454.15,7148.0,6008.48,7851.6,3559.8,4330.73,9610.55,1268.85,4447.2,
2021-12-21,3774.78,5972.99,11680.76,11169.02,8230.18,104824.17,3444.82,2082.78,1868.7,9628.33,4564.88,5493.8,7360.0,6103.35,7982.55,3598.5,4477.31,9968.2,1292.55,4552.0,
2021-12-22,3910.34,6023.36,11818.24,11279.62,8248.66,103736.67,3478.03,2081.28,1861.2,9608.13,4616.48,5482.75,7323.2,6157.8,7982.55,3633.3,4436.18,10060.2,1304.25,4654.4,
2021-12-23,4326.31,6171.0,11949.84,11410.76,8304.24,106626.71,3511.24,2078.04,1860.3,9646.51,4627.66,5512.65,7344.0,6223.8,8059.5,3684.3,4703.11,10172.9,1320.15,4744.0,
2021-12-24,4085.35,6095.09,11949.84,11410.76,8268.68,105082.8,3511.24,2078.04,1860.3,9646.51,4627.66,5525.65,7344.0,6223.8,8059.5,3684.3,4709.61,10172.9,1320.15,4744.0,
2021-12-27,4440.25,6330.08,12034.68,11473.96,8335.18,104840.4,3490.74,2076.12,1859.5,9657.62,4607.88,5554.25,7391.2,6241.95,8068.95,3711.6,4838.55,10214.3,1314.6,4713.6,
2021-12-28,4113.41,6015.22,12106.92,11551.38,8318.8,98645.05,3482.13,2076.06,1863.1,9678.83,4584.66,5617.3,7250.4,6241.95,8127.0,3729.6,4390.56,10253.4,1317.6,4713.6,
2021-12-29,3909.08,5787.69,12051.48,11455.0,8246.84,94298.71,3450.97,2074.08,1845.7,9638.43,4562.3,5594.55,7158.4,6255.15,8108.1,3697.8,4228.78,10238.45,1307.4,4797.6,
2021-12-30,3980.07,5819.62,12121.48,11511.88,8349.04,96130.52,3502.22,2074.14,1853.0,9680.85,4629.38,5642.0,7199.2,6273.3,8132.4,3718.5,4263.56,10255.7,1322.1,4797.2,
2021-12-31,3845.08,5756.66,12121.48,11511.88,8371.72,95618.06,3502.22,2074.14,1853.0,9680.85,4629.38,5622.5,7199.2,6273.3,8132.4,3718.5,4216.07,10255.7,1322.1,4797.2,
2022-01-03,3862.1,5736.93,12076.4,11603.52,8410.36,97246.83,3463.27,2071.32,1845.8,9657.62,4641.42,5669.3,7381.6,6237.0,8140.5,3623.1,4198.09,10305.15,1321.65,4745.6,
2022-01-04,3857.09,5720.89,12120.08,11676.2,8373.96,98709.71,3394.8,2071.44,1836.1,9619.24,4555.42,5677.1,7234.4,6387.15,8257.95,3674.4,4166.02,10363.8,1320.45,4724.0,
2022-01-05,3640.61,5363.94,12089.84,11763.1,8324.54,92522.6,3348.47,2071.26,1831.4,9562.68,4470.28,5671.25,7177.6,6482.85,8280.9,3710.7,3853.87,10339.65,1314.9,4776.0,
2022-01-06,3759.61,5329.72,11892.16,11581.4,8279.74,88848.04,3261.55,2069.4,1824.6,9495.01,4322.36,5600.4,7211.2,6402.0,8236.35,3609.0,3728.01,10144.15,1287.75,4673.6,
2022-01-07,3564.39,5050.12,11796.96,11526.1,8303.68,83116.98,3207.02,2067.18,1810.6,9431.38,4278.93,5519.15,7363.2,6425.1,8282.25,3630.6,3385.32,10061.35,1276.8,4587.6,
2022-01-10,3302.06,4768.27,11638.48,11393.38,8312.64,79847.4,3133.63,2067.66,1812.4,9417.24,4214.43,5442.45,7356.0,6397.05,8263.35,3632.7,3357.24,9883.1,1262.4,4472.4,
2022-01-11,3476.29,5212.05,11784.64,11485.02,8468.32,84036.25,3199.64,2066.22,1811.7,9405.12,4268.61,5465.85,7539.2,6471.3,8314.65,3647.7,3468.86,9988.9,1275.0,4609.6,
2022-01-12,3814.46,5458.8,11826.92,11564.02,8554.56,87240.01,3170.94,2068.02,1804.5,9354.62,4266.46,5517.85,7667.2,6542.25,8334.9,3674.7,3742.0,9950.95,1293.3,4671.6,
2022-01-13,3582.08,5289.55,11779.88,11562.44,8495.48,83480.85,3100.01,2069.34,1799.1,9263.72,4287.1,5542.55,7559.2,6619.8,8392.95,3628.8,3577.91,9986.6,1287.45,4747.2,
2022-01-14,3744.81,5447.41,11616.36,11451.84,8454.04,84952.01,3034.82,2066.88,1804.3,9244.53,4185.62,5528.25,7563.2,6553.8,8376.75,3638.7,3576.72,9791.1,1270.5,4671.6,
2022-01-17,4643.18,5311.5,11701.76,11538.74,8466.08,82779.93,3076.23,2065.26,1795.7,9218.27,4211.42,5488.6,7543.2,6609.9,8322.75,3661.5,3438.12,9932.55,1279.35,4727.2,
2022-01-18,4268.68,5270.19,11567.92,11428.14,8402.94,81536.71,3004.48,2065.2,1802.5,9202.11,4150.36,5422.3,7592.8,6507.6,8322.75,3692.1,3478.98,9763.5,1267.35,4564.8,
2022-01-19,3936.05,5204.57,11508.56,11443.94,8422.26,80349.08,2999.15,2064.78,1800.8,9267.76,4115.53,5449.6,7595.2,6456.45,8317.35,3795.6,3360.42,9609.4,1244.25,4428.0,
2022-01-20,3686.04,4941.99,11591.44,11530.84,8590.96,77796.66,3043.02,2065.62,1804.4,9321.29,4244.96,5500.3,7917.6,6451.5,8343.0,3835.5,3144.11,9699.1,1259.1,4437.6,
2022-01-21,3299.64,4313.83,11302.2,11327.02,8414.28,66481.84,2972.09,2067.72,1813.1,9342.5,4061.78,5435.3,7773.6,6332.7,8197.2,3843.9,2774.69,9421.95,1229.7,4333.6,
2022-01-24,3125.61,4171.8,10845.8,10868.82,8127.14,63270.9,2829.0,2069.52,1824.5,9287.96,3833.02,5276.7,7470.4,6131.4,7981.2,3842.4,2265.68,9055.1,1183.8,4083.2,
2022-01-25,3062.82,4327.26,10967.32,10930.44,8200.08,63772.41,2884.76,2069.22,1825.1,9322.3,3859.25,5310.5,7572.8,6174.3,8046.0,3898.5,2345.17,9196.55,1182.15,4103.2,
2022-01-26,3172.42,4234.86,11218.76,11172.18,8255.94,64197.51,2935.19,2067.9,1820.2,9368.76,3993.84,5458.7,7571.2,6281.55,8172.9,3968.1,2287.66,9427.7,1199.85,4207.2,
2022-01-27,3084.66,4420.25,11297.16,11218.0,8244.74,63368.23,2890.09,2066.7,1837.6,9462.69,3965.89,5523.05,7497.6,6241.95,8274.15,3943.5,2235.1,9352.95,1179.6,4064.8,
2022-01-28,3132.45,4412.76,11181.8,11080.54,8148.0,67190.25,2865.08,2065.74,1838.7,9447.54,3869.14,5476.25,7344.0,6154.5,8154.0,3896.7,2296.72,9105.7,1156.35,3968.8,
2022-01-31,3136.01,4287.18,11401.32,11127.94,8342.88,70880.66,2970.04,2060.7,1831.9,9393.0,4064.36,5504.85,7624.0,6212.25,8201.25,3930.3,2507.45,9364.45,1192.95,4158.4,
2022-02-01,3221.92,4373.25,11490.64,11289.1,8409.94,73111.95,3017.19,2058.6,1823.4,9406.13,4092.74,5487.95,7733.6,6296.4,8233.65,3922.5,2745.86,9550.75,1212.3,4227.2,
2022-02-02,3033.21,4152.74,11527.32,11331.76,8340.5,69974.77,2995.05,2056.92,1821.8,9408.15,4071.24,5521.1,7594.4,6345.9,8286.3,3914.7,2532.6,9431.15,1209.3,4300.8,
2022-02-03,3107.23,4181.59,11316.2,11102.66,8203.16,69717.77,2940.11,2042.52,1788.5,9243.52,3950.41,5469.75,7529.6,6373.95,8243.1,3841.8,2517.38,9308.1,1184.55,4263.2,
2022-02-04,3300.45,4445.57,11198.32,10958.88,8178.1,76717.51,2926.17,2034.54,1773.8,9187.97,3927.19,5301.4,7552.0,6288.15,8181.0,3816.6,2750.19,9162.05,1168.5,4142.8,
2022-02-07,3473.83,4818.42,11198.32,10958.88,8178.1,80666.15,2926.17,2034.54,1773.8,9187.97,3927.19,5258.5,7552.0,6352.5,8236.35,3816.6,2872.34,9162.05,1168.5,4226.0,
2022-02-08,3423.54,4551.3,11198.32,10958.88,8178.1,80241.69,2926.17,2034.54,1773.8,9187.97,3927.19,5187.65,7552.0,6387.15,8316.0,3816.6,2783.29,9162.05,1168.5,4240.0,
2022-02-09,3476.87,4712.64,11198.32,10958.88,8178.1,83402.47,2926.17,2034.54,1773.8,9187.97,3927.19,5283.85,7552.0,6477.9,8384.85,3816.6,2798.98,9162.05,1168.5,4364.4,
2022-02-10,3353.61,4630.59,11198.32,10958.88,8178.1,79230.49,2926.17,2034.54,1773.8,9187.97,3927.19,5318.95,7552.0,6496.05,8359.2,3816.6,2607.04,9162.05,1168.5,4383.2,
2022-02-11,3358.55,4647.83,11262.44,11115.3,8382.5,79779.07,2970.45,2031.36,1770.3,9113.23,3966.75,5265.0,7640.0,5615.77,8332.2,3850.8,2595.29,9467.95,1182.45,3743.2,
